Project Name,Task Name,Priority,Start Date,End Date,Status,Updated as Completed
second ssssss,rdfthk,Medium,"Dec. 11, 2024","Dec. 11, 2024",Not Started,None
second ssssss,two,Medium,"Dec. 10, 2024","Dec. 10, 2024",Not Started,None
second ssssss,1,Medium,"Dec. 10, 2024","Dec. 10, 2024",Completed,"Dec. 20, 2024, 11:48 a.m."
second ssssss,qqqqqqqqqqqqqqqq,High,"Dec. 10, 2024","Dec. 10, 2024",Not Started,None
second ssssss,wel,High,"Dec. 10, 2024","Dec. 10, 2024",Not Started,None
second ssssss,aruntaskw,High,"Dec. 9, 2024","Dec. 9, 2024",Not Started,None
second ssssss,User task,Medium,"Dec. 6, 2024","Dec. 6, 2024",Not Started,None
second ssssss,tttt,Medium,"Nov. 26, 2024","Nov. 26, 2024",Not Started,None
second ssssss,vinothqq,Low,"Nov. 26, 2024","Nov. 26, 2024",Not Started,None
second ssssss,d,Urgent,"Nov. 25, 2024","Nov. 25, 2024",Working,None